{"format": "layers-model", "generatedBy": "keras v2.15.0", "convertedBy": "TensorFlow.js Converter v4.20.0", "modelTopology": {"keras_version": "2.15.0", "backend": "tensorflow", "model_config": {"class_name": "Sequential", "config": {"name": "sequential_2", "layers": [{"class_name": "InputLayer", "config": {"batch_input_shape": [null, 3], "dtype": "float32", "sparse": false, "ragged": false, "name": "input_3"}}, {"class_name": "Dense", "config": {"name": "dense_8", "trainable": true, "dtype": "float32", "units": 64, "activation": "relu", "use_bias": true, "kernel_initializer": {"module": "keras.initializers", "class_name": "GlorotUniform", "config": {"seed": null}, "registered_name": null}, "bias_initializer": {"module": "keras.initializers", "class_name": "Zeros", "config": {}, "registered_name": null}, "kernel_regularizer": null, "bias_regularizer": null, "activity_regularizer": null, "kernel_constraint": null, "bias_constraint": null}}, {"class_name": "Dense", "config": {"name": "dense_9", "trainable": true, "dtype": "float32", "units": 32, "activation": "relu", "use_bias": true, "kernel_initializer": {"module": "keras.initializers", "class_name": "GlorotUniform", "config": {"seed": null}, "registered_name": null}, "bias_initializer": {"module": "keras.initializers", "class_name": "Zeros", "config": {}, "registered_name": null}, "kernel_regularizer": null, "bias_regularizer": null, "activity_regularizer": null, "kernel_constraint": null, "bias_constraint": null}}, {"class_name": "Dense", "config": {"name": "dense_10", "trainable": true, "dtype": "float32", "units": 16, "activation": "relu", "use_bias": true, "kernel_initializer": {"module": "keras.initializers", "class_name": "GlorotUniform", "config": {"seed": null}, "registered_name": null}, "bias_initializer": {"module": "keras.initializers", "class_name": "Zeros", "config": {}, "registered_name": null}, "kernel_regularizer": null, "bias_regularizer": null, "activity_regularizer": null, "kernel_constraint": null, "bias_constraint": null}}, {"class_name": "Dense", "config": {"name": "dense_11", "trainable": true, "dtype": "float32", "units": 5, "activation": "softmax", "use_bias": true, "kernel_initializer": {"module": "keras.initializers", "class_name": "GlorotUniform", "config": {"seed": null}, "registered_name": null}, "bias_initializer": {"module": "keras.initializers", "class_name": "Zeros", "config": {}, "registered_name": null}, "kernel_regularizer": null, "bias_regularizer": null, "activity_regularizer": null, "kernel_constraint": null, "bias_constraint": null}}]}}, "training_config": {"loss": "sparse_categorical_crossentropy", "metrics": null, "weighted_metrics": null, "loss_weights": null, "optimizer_config": {"class_name": "Custom>Adam", "config": {"name": "Adam", "weight_decay": null, "clipnorm": null, "global_clipnorm": null, "clipvalue": null, "use_ema": false, "ema_momentum": 0.99, "ema_overwrite_frequency": null, "jit_compile": false, "is_legacy_optimizer": false, "learning_rate": 0.0010000000474974513, "beta_1": 0.9, "beta_2": 0.999, "epsilon": 1e-07, "amsgrad": false}}}}, "weightsManifest": [{"paths": ["group1-shard1of1.bin"], "weights": [{"name": "dense_10/kernel", "shape": [32, 16], "dtype": "float32", "quantization": {"dtype": "uint8", "min": -0.5244447469711304, "scale": 0.004407098714043113, "original_dtype": "float32"}}, {"name": "dense_10/bias", "shape": [16], "dtype": "float32", "quantization": {"dtype": "uint8", "min": -0.025453195545603248, "scale": 0.0006526460396308525, "original_dtype": "float32"}}, {"name": "dense_11/kernel", "shape": [16, 5], "dtype": "float32", "quantization": {"dtype": "uint8", "min": -0.7734615452149335, "scale": 0.005729344779369878, "original_dtype": "float32"}}, {"name": "dense_11/bias", "shape": [5], "dtype": "float32", "quantization": {"dtype": "uint8", "min": -0.09515240376486497, "scale": 0.0005873605170670678, "original_dtype": "float32"}}, {"name": "dense_8/kernel", "shape": [3, 64], "dtype": "float32", "quantization": {"dtype": "uint8", "min": -0.4274689898771398, "scale": 0.0036850774989408606, "original_dtype": "float32"}}, {"name": "dense_8/bias", "shape": [64], "dtype": "float32", "quantization": {"dtype": "uint8", "min": -0.08714841718182843, "scale": 0.0011317976257380316, "original_dtype": "float32"}}, {"name": "dense_9/kernel", "shape": [64, 32], "dtype": "float32", "quantization": {"dtype": "uint8", "min": -0.45245498956418506, "scale": 0.003534804605970196, "original_dtype": "float32"}}, {"name": "dense_9/bias", "shape": [32], "dtype": "float32", "quantization": {"dtype": "uint8", "min": -0.027288973331451416, "scale": 0.0007580270369847616, "original_dtype": "float32"}}]}]}